env,algorithm,trial,mc_mean,mc_stddev,cvar_regret,optimal_action_prob,catastrophic_count
bettinggame,CATSO,1000,0.14731522440910338,0.1529573934019689,0.0039062499999999978,1,36.5
bettinggame,CATSO,2000,0.15828257083892822,0.19658934279500967,0,1,39
bettinggame,CATSO,3000,0.13217992782592775,0.13993418096633178,0,1,16
bettinggame,PATSO,1000,0.27439473390579222,0.35789945008974755,0.015624999999999991,0.5,28
bettinggame,PATSO,2000,0.2084604799747467,0.26683571391726879,0.0078124999999999957,1,33
bettinggame,PATSO,3000,0.25046646595001221,0.33723843570150352,0.0078124999999999957,1,45
bettinggame,UCT,1000,0.37286563873291012,0.45115462623584268,0.062499999999999965,0,67.5
bettinggame,UCT,2000,0.36517206192016605,0.4359622083471848,0.062499999999999965,0,70.5
bettinggame,UCT,3000,0.39508666992187502,0.46614995160093109,0.062499999999999965,0,83
