env,algorithm,trial,mc_mean,mc_stddev,mc_cvar,cvar_regret,optimal_action_prob,catastrophic_count
bettinggame,CATSO,1000,0.17335516452789307,0.20249416272289955,-0.048761904239654541,0.011718749999999993,0,17.5
bettinggame,CATSO,2000,0.19330920040607452,0.21693675964009485,-0.060080754756927493,0.0039062499999999978,0.5,30.5
bettinggame,CATSO,3000,0.16509263932704926,0.1890207644718116,-0.059247383475303651,0.0039062499999999978,0.5,29
bettinggame,PATSO,1000,0.26199533462524416,0.35909146046933249,-0.06073312163352966,0.015624999999999991,0,32.5
bettinggame,PATSO,2000,0.25851119279861451,0.35058682231912802,-0.059728652238845825,0.015624999999999991,0,25.5
bettinggame,PATSO,3000,0.25551052570343014,0.34741037451711354,-0.060394990444183352,0.015624999999999991,0,27.5
bettinggame,UCT,1000,0.34627190589904788,0.41230860054387974,-0.0625,0.062499999999999965,0,58.5
bettinggame,UCT,2000,0.39556161880493163,0.45911380240267186,-0.0625,0.062499999999999965,0,62
bettinggame,UCT,3000,0.38653884887695311,0.45429121297200559,-0.0625,0.062499999999999965,0,72.5
